{
  "subject": "A05",
  "test_acc": 29.51388888888889,
  "best_val_acc": 33.56481481481482
}