{
  "subject": "A07",
  "test_acc": 37.84722222222222,
  "best_val_acc": 58.7962962962963
}