{
  "model": "SAMGCN",
  "mean_acc": 44.822917442645554,
  "std_acc": 15.049720798522273,
  "per_subject": {
    "NIS001": 44.14976599063962,
    "NIS002": 40.81858407079646,
    "NIS003": 16.30971993410214,
    "NIS004": 30.0,
    "NIS005": 42.597765363128495,
    "NIS006": 38.160469667318985,
    "NIS007": 57.69837099316868,
    "NIS008": 45.989583333333336,
    "NIS009": 59.89621942179392,
    "NIS010": 72.6086956521739
  },
  "args": {
    "data_dir": "data/steele",
    "results_dir": "results/baselines_SAMGCN",
    "model": "SAMGCN",
    "epochs": 150,
    "patience": 25,
    "batch_size": 32,
    "lr": 0.001,
    "dropout": 0.5,
    "device": "cuda",
    "seed": 42
  }
}