{
  "subject": "A06",
  "test_acc": 29.86111111111111,
  "best_val_acc": 63.19444444444444
}