{
  "subject": "A08",
  "test_acc": 22.743055555555557,
  "best_val_acc": 54.1993281075028
}