{
  "model": "EEGNet",
  "mean_acc": 33.10854402597088,
  "std_acc": 7.125606572441257,
  "per_subject": {
    "NIS001": 31.318252730109204,
    "NIS002": 20.298672566371682,
    "NIS003": 35.09060955518946,
    "NIS004": 28.9171974522293,
    "NIS005": 32.891061452513966,
    "NIS006": 27.690802348336597,
    "NIS007": 40.620073568050444,
    "NIS008": 47.291666666666664,
    "NIS009": 29.503335804299482,
    "NIS010": 37.46376811594203
  },
  "args": {
    "data_dir": "data/steele",
    "results_dir": "results/baselines_EEGNet",
    "model": "EEGNet",
    "epochs": 150,
    "patience": 25,
    "batch_size": 32,
    "lr": 0.001,
    "dropout": 0.5,
    "device": "cuda",
    "seed": 42
  }
}