{
  "subject": "A01",
  "test_acc": 61.63194444444444,
  "best_val_acc": 61.702127659574465
}