{
  "subject": "A06",
  "test_acc": 36.111111111111114,
  "best_val_acc": 51.62374020156775
}