{
  "subject": "A04",
  "test_acc": 32.870370370370374,
  "best_val_acc": 40.780911062906725
}