{
  "subject": "A06",
  "test_acc": 22.743055555555557,
  "best_val_acc": 55.431131019036954
}