{
  "subject": "A02",
  "test_acc": 52.43055555555556,
  "best_val_acc": 55.76707726763718
}