{
  "subject": "A02",
  "test_acc": 28.819444444444443,
  "best_val_acc": 40.50925925925926
}