{
  "subject": "A05",
  "test_acc": 33.333333333333336,
  "best_val_acc": 55.09518477043673
}