{
  "subject": "A06",
  "test_acc": 25.34722222222222,
  "best_val_acc": 41.2037037037037
}