{
  "subject": "A09",
  "test_acc": 32.986111111111114,
  "best_val_acc": 35.648148148148145
}