{
  "subject": "A03",
  "test_acc": 36.458333333333336,
  "best_val_acc": 35.416666666666664
}