{
  "subject": "A09",
  "test_acc": 29.51388888888889,
  "best_val_acc": 33.7962962962963
}