{
  "subject": "A05",
  "test_acc": 51.736111111111114,
  "best_val_acc": 52.63157894736842
}