{
  "subject": "A01",
  "test_acc": 38.19444444444444,
  "best_val_acc": 36.80555555555556
}