{
  "subject": "A06",
  "test_acc": 24.305555555555557,
  "best_val_acc": 34.72222222222222
}