{
  "subject": "A02",
  "test_acc": 25.694444444444443,
  "best_val_acc": 33.101851851851855
}