{
  "subject": "A07",
  "test_acc": 25.34722222222222,
  "best_val_acc": 28.935185185185187
}