{
  "subject": "A03",
  "test_acc": 58.333333333333336,
  "best_val_acc": 49.0481522956327
}