{
  "subject": "A03",
  "test_acc": 55.55555555555556,
  "best_val_acc": 58.7962962962963
}