{
  "subject": "A01",
  "test_acc": 30.729166666666668,
  "best_val_acc": 54.087346024636055
}