{
  "subject": "A08",
  "test_acc": 29.166666666666668,
  "best_val_acc": 37.96296296296296
}