{
  "subject": "A07",
  "test_acc": 30.208333333333332,
  "best_val_acc": 38.657407407407405
}