{
  "subject": "A05",
  "test_acc": 26.041666666666668,
  "best_val_acc": 67.36111111111111
}