{
  "subject": "A05",
  "test_acc": 23.26388888888889,
  "best_val_acc": 39.351851851851855
}