{
  "subject": "A04",
  "test_acc": 9.49074074074074,
  "best_val_acc": 61.27982646420824
}