{
  "subject": "A04",
  "test_acc": 83.33333333333333,
  "best_val_acc": 62.47288503253796
}