{
  "subject": "A09",
  "test_acc": 49.65277777777778,
  "best_val_acc": 59.23852183650616
}