{
  "subject": "A02",
  "test_acc": 44.270833333333336,
  "best_val_acc": 63.1578947368421
}