{
  "subject": "A09",
  "test_acc": 56.59722222222222,
  "best_val_acc": 59.49074074074074
}