{
  "subject": "A03",
  "test_acc": 38.71527777777778,
  "best_val_acc": 60.58230683090706
}