{
  "subject": "A03",
  "test_acc": 25.694444444444443,
  "best_val_acc": 29.166666666666668
}