{
  "subject": "A04",
  "test_acc": 15.277777777777779,
  "best_val_acc": 43.16702819956616
}