{
  "checkpoint": "results/hybrid_loso_v7/fold_NIS001/best_model.pt",
  "n_runs": 200,
  "input_shape": [
    1,
    51,
    250
  ],
  "device": "cpu",
  "mean_ms": 108.94851099918014,
  "std_ms": 21.316501767063148,
  "p50_ms": 103.66110000177287,
  "p95_ms": 147.56092000752685,
  "p99_ms": 183.23692698177175,
  "min_ms": 76.90159999765456,
  "max_ms": 194.8829999892041
}