{
  "subject": "A04",
  "test_acc": 20.833333333333332,
  "best_val_acc": 59.219088937093275
}