{
  "subject": "A05",
  "test_acc": 61.111111111111114,
  "best_val_acc": 59.46248600223964
}