{
  "subject": "A08",
  "test_acc": 26.041666666666668,
  "best_val_acc": 28.703703703703702
}